Crop,Water Use (m³/kg),Irrigation Type,Climate,Yield (tons/ha),Water-Saving Practices,Water Pollution (Grey Water) (m³/kg),Soil Type,Water Scarcity,Post-Harvest Processing (Liters/kg),Fertilizer Use (kg/ha),Pesticide Use (kg/ha),Organic Practices,Green Water Use (m³/kg),Blue Water Use (m³/kg),Crop Cycle Duration (days),Harvest Season,Temperature Requirement (°C),Rainfall Requirement (mm/year),CO2 Emission (kg/ha),Land Use (ha/kg),Crop Rotation Practices,Average Farm Size (ha),Processing Water Recycling,Local Market,Export Market,Genetically Modified,Irrigation Efficiency (%),Seed Use (kg/ha),Labor Intensity
Bananas,5557,Drip,Arid,5.14,Efficient Irrigation,716,Loamy,Severe,75,152,23,No,625,7869,350,Spring,36,1230,7.4065657,2.506289824,No,19.66928914,Yes,No,No,No,76,75,Medium
Pumpkins,8024,Flood,Arid,4.44,Mulching,969,Clayey,Severe,142,97,56,No,4825,13018,134,Spring,28,779,3.762096675,4.047654612,Yes,17.23327611,Yes,Yes,No,Yes,94,72,Medium
Grapes,1540,None,Continental,4.01,Crop Cover,437,Sandy,Low,34,266,13,Yes,2994,5625,305,Winter,24,1354,3.081512556,4.210571509,No,19.80126935,Yes,Yes,Yes,Yes,84,16,Low
Plums,826,Flood,Arid,5.08,Mulching,231,Loamy,Low,125,251,48,No,2123,10992,260,Autumn,25,1514,6.402732063,0.64547394,Yes,4.388249856,No,Yes,Yes,No,86,45,Medium
Apples,2104,Sprinkler,Mediterranean,5.83,Mulching,723,Loamy,Severe,187,248,25,No,371,5603,342,Winter,24,1854,1.5803045,2.394148586,Yes,17.18459903,No,No,Yes,Yes,58,80,Medium
Avocados,13086,Sprinkler,Mediterranean,8.02,Crop Cover,342,Loamy,Low,134,197,26,Yes,2856,3521,134,Spring,40,960,9.485942955,2.894685739,No,2.288246325,No,Yes,No,No,53,15,Medium
Potatoes,18391,Drip,Tropical,8.85,Mulching,976,Silty,Severe,198,141,80,No,4671,9467,127,Winter,12,1922,4.5944224,0.67952426,No,7.436846492,No,Yes,Yes,Yes,65,91,Medium
Garlic,14858,Flood,Continental,8.05,Efficient Irrigation,296,Silty,Moderate,11,73,76,Yes,4863,8213,165,Autumn,28,971,5.825637671,1.559845765,Yes,18.02443464,No,No,No,No,88,79,Low
Potatoes,11853,Sprinkler,Semi-arid,8.06,Crop Cover,679,Clayey,Low,62,148,15,Yes,1336,2886,230,Spring,34,975,3.713907292,4.819778098,No,4.412026809,Yes,Yes,Yes,Yes,85,25,Low
Quinoa,14280,Sprinkler,Continental,7.84,Mulching,562,Clayey,Severe,113,180,33,No,2451,9298,193,Winter,27,1462,2.839024278,4.111011694,Yes,17.69050816,No,No,Yes,Yes,53,13,High
Zucchini,7109,Flood,Tropical,2.38,Mulching,708,Clayey,Moderate,147,172,72,Yes,1270,6532,161,Autumn,21,1739,7.191144099,0.820371327,Yes,18.06595698,Yes,No,Yes,No,91,13,High
Beans,7461,Flood,Tropical,1.82,Efficient Irrigation,822,Loamy,Severe,123,146,76,No,2453,9808,257,Winter,23,841,7.959354079,3.614089746,No,8.731170799,No,Yes,Yes,No,52,73,Low
Tomatoes,12573,Flood,Mediterranean,7.95,Mulching,724,Loamy,Severe,105,72,32,No,2108,7121,315,Spring,33,431,3.881231053,3.987621486,Yes,16.52406151,No,No,Yes,No,77,39,Medium
Pumpkins,2202,Sprinkler,Semi-arid,5.67,Crop Cover,283,Loamy,Moderate,19,216,39,Yes,2557,3874,242,Spring,34,1487,2.68785075,0.444822289,No,12.61452966,Yes,Yes,No,Yes,73,99,Low
Apples,4393,Sprinkler,Temperate,9.01,Crop Cover,291,Clayey,Low,155,159,51,No,3917,10407,324,Summer,34,1547,8.540165317,2.212505514,No,16.8494391,Yes,Yes,No,Yes,57,50,High
Cherries,13384,None,Arid,9.39,Efficient Irrigation,139,Loamy,High,109,229,27,Yes,1814,14272,83,Winter,17,1060,8.74677638,1.588510009,No,7.859051103,No,No,No,No,51,54,Medium
Peas,14798,Flood,Continental,4.31,Crop Cover,111,Clayey,Severe,136,141,85,No,3868,13527,276,Autumn,37,698,1.795851731,3.835964278,No,17.84537057,No,Yes,No,No,89,22,High
Soybeans,15810,Sprinkler,Temperate,2.08,Mulching,442,Clayey,Low,15,57,42,Yes,3341,5112,92,Spring,22,1751,1.521874884,3.166584324,Yes,19.33767765,No,Yes,Yes,No,77,67,Medium
Barley,17130,Drip,Mediterranean,6.19,Mulching,857,Clayey,Low,88,237,16,Yes,4774,7411,114,Spring,18,1580,7.453837603,0.233606639,Yes,11.17516488,No,No,Yes,Yes,73,28,Medium
Blueberries,9121,None,Continental,6.59,Mulching,774,Loamy,Low,32,289,97,No,2723,2191,274,Winter,15,971,1.727828222,3.181878266,Yes,6.930719635,Yes,No,Yes,No,95,66,Low
Cotton,11583,Flood,Arid,3.37,Efficient Irrigation,249,Loamy,High,51,206,33,No,3331,3120,186,Spring,19,260,4.394908346,1.583922888,No,7.135147293,Yes,No,No,No,71,60,Medium
Squash,10048,None,Mediterranean,7.45,Mulching,823,Silty,Severe,92,278,23,Yes,4426,14012,162,Winter,17,883,1.36806756,1.533665418,Yes,17.71136488,No,No,No,No,91,35,Low
Peppers,598,Sprinkler,Mediterranean,6.02,Mulching,197,Clayey,Moderate,181,271,11,No,4702,8128,157,Winter,38,570,5.4739313,2.586534872,Yes,4.342074727,Yes,No,Yes,Yes,53,99,Low
Pineapples,9584,Flood,Continental,1.56,Crop Cover,638,Silty,Moderate,130,218,11,Yes,530,7008,132,Summer,12,1119,6.676147964,0.498495907,No,4.433988628,Yes,Yes,Yes,No,89,93,Medium
Broccoli,19932,Flood,Arid,9.76,Mulching,381,Clayey,High,24,300,19,Yes,3673,9444,272,Autumn,23,1896,3.31534613,3.862872204,Yes,6.557524969,Yes,No,Yes,Yes,62,54,Low
Maize,9449,Flood,Continental,1.08,None,551,Loamy,Moderate,191,106,69,No,381,2005,201,Summer,18,1424,5.656022891,3.058105593,Yes,17.77767093,Yes,Yes,Yes,Yes,61,92,High
Lettuce,11629,Sprinkler,Temperate,6.77,Mulching,908,Sandy,Severe,107,64,47,Yes,1307,2755,257,Autumn,20,549,2.2943162,1.711586391,Yes,3.291997434,Yes,No,Yes,Yes,68,56,Low
Squash,3669,Flood,Mediterranean,4.63,Efficient Irrigation,623,Sandy,Low,187,79,81,No,1902,14046,88,Winter,34,1516,2.285464441,2.814820548,Yes,3.121050911,No,No,Yes,Yes,85,26,Low
Potatoes,12752,Flood,Semi-arid,2.01,Mulching,785,Silty,Moderate,150,288,74,Yes,1317,3180,123,Spring,35,796,7.159835819,0.368125121,No,2.897309617,No,Yes,Yes,Yes,64,80,Medium
Peppers,11003,Flood,Tropical,8.15,None,709,Clayey,Moderate,163,102,90,No,697,5194,114,Autumn,13,715,2.912356469,3.233402843,Yes,1.258701871,Yes,No,No,No,56,20,High
Zucchini,11666,None,Continental,2.92,None,164,Sandy,Severe,67,160,54,Yes,3497,12448,94,Spring,18,432,4.722952276,2.041299778,No,8.69467155,Yes,No,No,Yes,78,61,Low
Oranges,14703,Drip,Semi-arid,2.89,Efficient Irrigation,106,Clayey,Low,77,171,72,Yes,4499,2824,93,Autumn,17,792,3.606114042,4.2189207,No,5.485197552,Yes,No,Yes,No,76,55,Low
Pumpkins,10121,None,Mediterranean,6.4,None,601,Clayey,High,156,90,56,Yes,2659,6855,337,Winter,25,1018,8.407075161,0.472908948,Yes,15.94180924,Yes,No,No,No,78,48,Medium
Onions,16423,None,Mediterranean,2.39,Efficient Irrigation,445,Loamy,Moderate,96,188,62,No,1062,10991,104,Winter,21,1480,5.675326475,4.339724396,No,4.082691835,Yes,No,Yes,No,66,74,Medium
Lettuce,11888,Flood,Temperate,4.03,Crop Cover,581,Silty,Severe,47,134,67,Yes,491,14524,219,Winter,37,916,5.502956722,2.513051107,No,1.219091577,Yes,Yes,No,No,76,80,Low
Pumpkins,8021,Drip,Continental,2.51,Mulching,865,Silty,High,123,82,54,Yes,4229,711,320,Winter,23,761,1.630167169,0.500958832,No,4.605792591,Yes,No,No,Yes,56,90,High
Peaches,10356,Drip,Semi-arid,6.41,Mulching,671,Loamy,High,31,237,24,Yes,2819,7011,103,Autumn,26,918,7.106005919,3.34726583,No,1.244439857,No,Yes,No,Yes,85,24,Medium
Rice,1077,Drip,Mediterranean,9.22,Mulching,755,Sandy,Low,112,117,72,No,2896,11058,236,Spring,25,471,8.325441903,0.76940136,No,11.76616555,Yes,No,Yes,No,58,43,Medium
Wheat,13177,Drip,Temperate,4.52,Crop Cover,184,Silty,Low,84,141,52,No,736,4031,87,Spring,26,1784,1.470466543,3.657094075,Yes,11.8101889,Yes,No,Yes,No,57,72,Low
Cotton,9762,Drip,Temperate,3.44,Mulching,811,Sandy,High,61,243,44,No,3643,3728,231,Spring,21,324,4.788243042,4.790464973,No,14.68746789,No,No,No,Yes,57,28,High
Beans,5720,Drip,Semi-arid,1.1,Mulching,991,Silty,Severe,64,270,77,Yes,4281,8348,344,Spring,28,773,1.947136692,1.728596862,No,10.66373042,Yes,Yes,No,No,89,66,High
Carrots,8529,None,Tropical,7.25,None,852,Sandy,Moderate,195,298,75,No,2138,5802,174,Summer,19,242,2.825672897,1.880957588,No,9.126947412,No,Yes,No,Yes,82,75,High
Beans,4340,Sprinkler,Mediterranean,3.3,Efficient Irrigation,420,Silty,Low,121,111,21,Yes,1294,14228,117,Winter,28,1091,8.62505654,0.832564506,No,12.96061171,No,Yes,No,No,72,51,Low
Rice,2257,Flood,Arid,3.02,Mulching,953,Loamy,High,114,75,59,No,1541,2062,161,Spring,34,1393,3.35588512,2.029849693,No,9.553109351,Yes,Yes,Yes,Yes,58,28,Medium
Cucumbers,18528,Drip,Tropical,5.91,None,877,Loamy,High,87,287,53,Yes,1427,12178,203,Spring,26,299,4.825697923,2.136817895,Yes,19.54835774,Yes,No,No,Yes,87,28,High
Peppers,18835,None,Semi-arid,2.33,Efficient Irrigation,714,Silty,Severe,138,109,49,Yes,4300,644,239,Spring,31,979,2.515591707,4.901411616,Yes,10.28783145,No,No,No,No,61,76,Medium
Corn,1655,None,Temperate,9.58,Crop Cover,437,Clayey,Low,125,75,92,Yes,3425,6946,242,Autumn,10,1965,7.530655344,0.452025268,No,7.618235295,Yes,No,No,No,59,84,Low
Wheat,18942,Flood,Temperate,7.78,None,601,Loamy,Low,106,120,83,Yes,1063,602,209,Summer,35,1582,8.397556455,0.768925634,Yes,10.44930286,No,Yes,Yes,No,83,74,Medium
Pears,10203,Flood,Tropical,5.14,Crop Cover,472,Loamy,High,115,216,29,Yes,390,14786,364,Summer,10,487,7.58935038,0.49465269,No,2.488836427,No,Yes,Yes,No,60,83,Medium
Garlic,6462,Flood,Semi-arid,9.12,Crop Cover,754,Silty,High,87,267,35,No,1493,2255,149,Summer,23,719,1.596219575,4.437264019,Yes,5.562843917,Yes,No,No,Yes,60,53,High
Avocados,8604,Flood,Continental,2.26,Crop Cover,133,Silty,Severe,26,151,51,Yes,1405,253,245,Summer,10,954,6.883598475,3.439125026,Yes,7.100383,No,Yes,No,Yes,91,49,High
Peas,18898,Flood,Mediterranean,5.93,Efficient Irrigation,774,Sandy,Severe,157,272,98,Yes,1015,9451,91,Autumn,14,1998,7.195510476,3.802789951,Yes,15.51842168,No,Yes,No,Yes,75,94,Medium
Strawberries,3837,Drip,Continental,7.44,None,747,Loamy,Severe,189,178,65,No,1034,12351,292,Spring,34,898,8.149213033,1.444632624,Yes,19.89490145,No,Yes,Yes,Yes,56,38,High
Zucchini,5577,Drip,Semi-arid,1.06,Mulching,810,Loamy,High,114,224,19,Yes,1561,11378,67,Summer,14,819,7.219277528,3.740257965,No,4.373676513,Yes,Yes,Yes,No,71,38,Medium
Cotton,17339,Sprinkler,Tropical,4.86,Crop Cover,745,Silty,High,126,75,35,Yes,3938,8104,208,Winter,13,464,9.634635565,0.868828501,No,2.867796479,No,No,No,Yes,87,81,Medium
Peaches,19137,None,Arid,7.27,Mulching,426,Clayey,Severe,111,243,65,Yes,1518,3259,299,Winter,31,1325,7.047844667,2.717615368,Yes,3.572353082,Yes,Yes,No,Yes,59,95,High
Broccoli,1328,Sprinkler,Mediterranean,1.13,Efficient Irrigation,885,Clayey,High,93,247,82,No,906,8417,173,Autumn,26,1933,1.837491569,4.724329239,No,13.69402384,No,No,No,Yes,71,12,Low
Garlic,18228,Drip,Mediterranean,7.45,Efficient Irrigation,877,Loamy,Moderate,161,189,37,No,4910,14382,273,Winter,33,967,6.090688912,3.632251491,No,7.723940215,No,Yes,No,No,73,96,Low
Cotton,1655,None,Tropical,8.54,Mulching,921,Clayey,Low,137,170,75,Yes,4606,5783,88,Winter,38,1881,1.519218404,0.41025853,No,9.400871314,No,No,No,No,71,61,Low
Oats,16645,Drip,Continental,9.95,None,151,Sandy,Severe,141,52,18,No,3945,8699,61,Winter,14,1349,4.267123342,4.668187112,No,15.54777767,Yes,Yes,No,No,53,63,Medium
Mangoes,745,Sprinkler,Temperate,1.98,Mulching,608,Sandy,Low,34,204,43,Yes,1508,12785,147,Autumn,32,557,5.718723473,0.245940382,No,7.014874736,Yes,Yes,No,No,58,66,Low
Cotton,3569,Flood,Arid,1.58,Efficient Irrigation,268,Clayey,High,121,67,24,Yes,4826,3884,201,Spring,28,1318,2.433324513,4.210021228,Yes,10.59377275,Yes,Yes,No,Yes,64,89,High
Maize,10758,Drip,Arid,5.35,None,996,Loamy,Severe,115,56,20,No,2363,2089,299,Spring,30,1635,7.588012708,0.203942649,Yes,14.99156518,No,Yes,Yes,Yes,79,83,Medium
Cucumbers,18500,Drip,Semi-arid,5.56,Mulching,846,Clayey,Severe,186,178,49,No,1598,897,63,Spring,38,502,6.939478576,1.823252819,Yes,1.083901124,Yes,Yes,Yes,No,81,20,Medium
Apples,14614,None,Temperate,5.82,Efficient Irrigation,139,Clayey,High,25,218,87,No,2907,1678,189,Autumn,17,614,4.297711795,3.48169695,No,16.42373179,No,No,Yes,Yes,87,67,High
Spinach,15696,Flood,Continental,8.82,None,302,Loamy,Severe,103,269,57,Yes,990,8995,131,Spring,12,1433,3.384794568,1.240360559,No,12.04938921,No,No,No,Yes,59,62,High
Cherries,12722,Flood,Tropical,1.31,None,225,Silty,Severe,88,72,33,Yes,705,6999,112,Winter,14,1130,6.005261715,2.926948039,No,14.62927987,Yes,No,Yes,Yes,69,11,High
Bananas,12336,Drip,Tropical,1,Efficient Irrigation,398,Clayey,Moderate,158,137,35,Yes,3798,5664,120,Autumn,15,1761,8.61680108,2.687098452,No,5.465839903,No,No,Yes,No,51,40,Low
Garlic,8054,Drip,Mediterranean,6.9,Efficient Irrigation,689,Silty,Moderate,31,153,94,Yes,1476,12129,179,Autumn,28,621,3.787104171,0.12039911,Yes,2.882616919,No,Yes,Yes,No,58,58,High
Blueberries,5771,Flood,Continental,3.11,Efficient Irrigation,927,Clayey,High,37,272,100,No,723,13002,224,Spring,29,1227,5.734404411,2.719177039,Yes,13.1764438,No,Yes,Yes,No,94,13,Low
Plums,8510,Sprinkler,Semi-arid,2.33,Crop Cover,918,Clayey,Severe,81,129,60,No,3691,9651,264,Summer,11,1883,1.215220816,0.493782625,Yes,18.16136134,No,No,No,No,85,58,Medium
Lettuce,7819,Sprinkler,Arid,2.07,Efficient Irrigation,973,Silty,Severe,11,57,25,No,3822,5861,61,Autumn,18,1912,3.693267328,1.307281978,Yes,10.41643694,No,Yes,Yes,Yes,56,81,High
Cotton,2843,Drip,Arid,8.2,Efficient Irrigation,121,Loamy,Moderate,21,268,16,Yes,4971,11465,128,Summer,19,1257,8.721590876,4.35501076,No,7.753615374,Yes,Yes,No,Yes,55,44,High
Rice,16848,Sprinkler,Temperate,9.37,Efficient Irrigation,471,Sandy,Low,15,215,65,Yes,3703,1980,327,Summer,13,534,9.533433343,3.50715593,Yes,6.385285295,No,Yes,Yes,No,81,59,Low
Pumpkins,18097,Drip,Mediterranean,1.72,Mulching,438,Silty,Low,84,176,29,No,4210,14978,173,Summer,15,1015,4.433044916,1.984281251,Yes,9.943407619,Yes,Yes,Yes,No,88,80,Low
Spinach,10231,None,Arid,1.26,None,111,Silty,High,121,275,24,Yes,1785,2310,217,Summer,16,662,8.44498522,0.845717366,Yes,9.503198325,No,No,Yes,Yes,67,62,Low
Peppers,19238,None,Arid,9.31,Mulching,145,Sandy,Moderate,60,286,52,No,2429,2888,327,Autumn,15,1938,2.867738711,2.23282225,Yes,11.54272442,No,No,Yes,Yes,62,30,High
Melons,6783,Flood,Semi-arid,3.88,None,559,Clayey,Low,60,196,61,Yes,2105,4756,173,Spring,40,1392,3.877348712,3.085839501,No,6.438712238,No,No,Yes,Yes,53,92,Medium
Lettuce,13697,Flood,Mediterranean,2.92,Efficient Irrigation,641,Sandy,Low,35,244,45,Yes,1397,12399,304,Autumn,35,1040,3.651741934,1.750458658,No,8.014289704,Yes,Yes,Yes,No,71,60,Medium
Rice,16741,None,Semi-arid,9.4,Efficient Irrigation,143,Silty,High,102,278,40,No,1349,505,334,Summer,25,953,4.115630626,1.097311589,Yes,4.324623649,Yes,Yes,Yes,No,72,67,Low
Pineapples,16400,Flood,Tropical,4.89,Crop Cover,892,Clayey,Low,152,117,100,No,2374,8882,224,Spring,29,1277,5.540822011,3.187103751,No,5.4296355,No,Yes,Yes,No,91,44,Low
Peppers,3210,Sprinkler,Mediterranean,7.56,Efficient Irrigation,302,Silty,Moderate,44,128,59,Yes,407,13621,184,Summer,34,1153,4.670762602,0.121837411,Yes,2.245471877,Yes,Yes,No,Yes,77,50,Medium
Bananas,6450,Sprinkler,Arid,6.25,Mulching,474,Loamy,Low,163,83,17,No,3256,4061,175,Spring,24,1555,5.862865894,3.892674346,Yes,15.6399227,No,Yes,Yes,No,62,90,High
Melons,9325,None,Tropical,9.19,Mulching,435,Silty,Low,161,154,52,Yes,4309,11895,248,Summer,38,1579,5.967244951,1.203008299,No,10.10822108,Yes,No,No,No,60,92,High
Peaches,2486,None,Tropical,9.71,None,475,Sandy,Severe,39,238,41,Yes,3829,14523,176,Autumn,10,1648,8.09623474,4.415997259,No,12.05963125,No,No,No,No,87,78,High
Strawberries,2080,Flood,Temperate,9.02,Crop Cover,380,Silty,Low,149,212,13,Yes,3789,10212,111,Spring,10,471,3.102847117,4.706514544,Yes,15.03781509,Yes,Yes,Yes,Yes,94,23,Medium
Bananas,17092,Sprinkler,Tropical,5.6,Crop Cover,274,Sandy,Moderate,200,267,25,No,3807,8447,355,Autumn,31,1740,6.446294775,2.802903076,Yes,12.24291467,Yes,No,No,Yes,66,50,High
Beans,15415,None,Arid,4.64,Crop Cover,999,Sandy,Moderate,112,191,24,No,3531,12664,165,Spring,11,986,5.986128812,0.829441833,No,6.706463387,No,No,Yes,Yes,81,66,Medium
Bananas,13835,Sprinkler,Continental,3.94,None,848,Sandy,Severe,82,177,94,Yes,3683,7772,76,Winter,25,355,3.001589838,4.181440815,No,7.127421869,Yes,Yes,Yes,No,83,18,High
Peppers,5235,Sprinkler,Mediterranean,2.48,Crop Cover,653,Sandy,High,169,71,74,Yes,4410,10096,61,Summer,19,1674,5.887705353,4.283695819,Yes,1.911522268,No,Yes,No,Yes,52,62,Medium
Peas,14079,Drip,Mediterranean,1.52,Efficient Irrigation,333,Silty,High,164,286,86,No,3057,14652,350,Spring,37,771,7.623578816,2.556088617,Yes,16.76322215,No,No,No,No,70,54,Medium
Lettuce,11416,Sprinkler,Semi-arid,4.77,Crop Cover,281,Sandy,Severe,192,52,21,Yes,696,10097,161,Summer,21,1874,2.841555086,1.359422484,No,19.13157394,No,No,Yes,No,75,14,High
Grapes,3267,Sprinkler,Temperate,2.18,None,358,Sandy,Severe,157,116,71,Yes,3962,5508,335,Winter,35,1603,8.040287512,4.804241015,No,6.497846156,No,No,No,Yes,50,78,Low
Tomatoes,2551,None,Semi-arid,3.91,Mulching,693,Clayey,Severe,160,297,56,Yes,1794,2580,209,Summer,23,320,3.281315469,4.739557336,Yes,3.043896682,Yes,Yes,No,No,53,67,Medium
Cucumbers,14908,Drip,Tropical,8.06,None,256,Clayey,Moderate,119,234,66,No,2181,12945,237,Winter,27,1929,5.646726678,4.130885073,Yes,2.624628952,No,No,No,No,86,73,Low
Potatoes,18035,Drip,Semi-arid,2.75,Efficient Irrigation,942,Clayey,Moderate,171,223,14,No,4734,5655,124,Summer,15,1558,2.825267961,1.266046434,No,2.212669414,Yes,No,No,Yes,83,41,Medium
Tomatoes,17308,Flood,Arid,9.16,None,251,Silty,Severe,34,261,47,No,3836,13424,152,Winter,30,1891,1.874937633,0.117320472,No,8.819504136,Yes,Yes,Yes,Yes,62,78,Medium
Maize,10417,Drip,Temperate,7.65,None,173,Clayey,Low,118,77,95,Yes,3230,3178,187,Winter,16,708,3.094949042,2.065876817,Yes,2.679745406,Yes,Yes,No,Yes,77,19,High
Zucchini,5270,None,Semi-arid,3.14,None,239,Sandy,Severe,34,262,77,No,4824,9662,317,Winter,20,1035,6.794034258,0.809540772,No,2.932511347,No,Yes,No,Yes,77,15,Medium
Squash,4614,Drip,Temperate,2.32,Mulching,139,Sandy,Moderate,195,204,91,No,659,5565,297,Autumn,36,898,4.940671234,4.453118771,No,12.28889298,No,Yes,No,No,93,41,Medium
Barley,4292,Drip,Arid,9.68,Crop Cover,855,Silty,Severe,14,222,55,No,4712,1548,266,Spring,25,1849,9.245109059,3.037122015,No,1.736716485,Yes,Yes,No,No,69,75,High
Broccoli,1303,Sprinkler,Semi-arid,3.53,Crop Cover,656,Silty,Severe,177,179,69,No,1723,10959,179,Spring,26,229,2.391427016,4.224261408,No,9.193981876,No,No,Yes,Yes,71,41,High
Cotton,4023,Drip,Mediterranean,1.09,Mulching,789,Loamy,High,198,276,14,Yes,321,5091,333,Summer,36,1241,5.025729125,2.62178179,Yes,1.488088715,Yes,Yes,No,Yes,51,43,Low
Wheat,17351,Drip,Arid,8.16,Crop Cover,620,Silty,Moderate,108,82,10,No,3030,8813,235,Spring,11,1848,3.500846153,1.041563731,Yes,7.46264578,No,Yes,Yes,Yes,89,10,Low
Spinach,1370,Flood,Tropical,5.28,Crop Cover,559,Loamy,Severe,91,226,24,Yes,4434,1197,134,Summer,39,328,5.197204983,2.12307662,Yes,17.8692999,Yes,Yes,No,No,65,36,High
Bananas,17573,None,Mediterranean,6.75,Efficient Irrigation,589,Silty,Severe,52,295,69,No,3233,7835,291,Spring,27,1871,6.27912299,0.672737209,Yes,10.42606631,Yes,No,No,No,76,79,Low
Pumpkins,19754,None,Tropical,6.04,Efficient Irrigation,108,Clayey,Low,160,208,20,Yes,826,10997,327,Spring,18,1409,3.892941347,0.803807255,Yes,14.10835492,No,Yes,Yes,No,55,57,Low
Garlic,18506,None,Temperate,8.48,None,200,Silty,Moderate,102,101,94,No,1138,9516,62,Winter,38,1623,1.849766601,3.983459997,No,1.403945467,No,No,Yes,No,50,86,Medium
Melons,5637,Drip,Mediterranean,3.05,Efficient Irrigation,286,Clayey,Low,33,106,36,Yes,4209,7616,222,Winter,38,1116,5.131871953,4.398794635,No,8.189368832,Yes,No,Yes,No,53,42,Medium
Garlic,4393,Flood,Temperate,2.06,None,547,Clayey,High,108,236,20,Yes,1571,9746,277,Summer,17,1350,8.274722535,1.354838022,No,9.647684101,No,No,No,No,78,97,High
Pumpkins,6530,Drip,Temperate,4.9,None,214,Clayey,High,110,59,62,No,2120,6951,64,Autumn,40,1774,1.583296921,4.218936267,No,9.999630739,No,Yes,Yes,Yes,76,49,Low
Melons,17927,Flood,Semi-arid,5.41,None,772,Loamy,Low,143,213,51,Yes,3687,14705,156,Summer,31,1031,1.302619638,1.622448039,Yes,5.154673666,No,Yes,No,Yes,71,56,Medium
Pineapples,12648,Flood,Arid,7.44,Crop Cover,631,Silty,Severe,178,189,15,Yes,4737,9228,76,Summer,27,1228,6.97141003,2.924918277,Yes,16.86704176,No,Yes,Yes,No,54,17,Low
Corn,17399,None,Continental,7.13,Efficient Irrigation,372,Loamy,High,197,242,37,No,2187,9148,98,Winter,19,1617,2.669379023,0.602041879,No,6.393110422,Yes,No,Yes,No,82,24,Low
Cucumbers,12651,None,Tropical,5.45,Mulching,733,Clayey,Severe,148,135,88,Yes,3183,9983,264,Autumn,37,1922,8.079801952,3.246279311,No,11.46596595,No,Yes,No,Yes,79,100,Medium
Plums,11701,Sprinkler,Continental,9.16,Crop Cover,895,Sandy,Moderate,76,133,90,No,3927,9795,365,Winter,39,433,2.104030287,0.414681221,No,6.04170474,No,Yes,No,No,57,83,Medium
Strawberries,3039,Sprinkler,Continental,2.13,Crop Cover,453,Clayey,Low,171,98,61,Yes,770,2142,282,Spring,26,752,7.545602323,4.236672852,Yes,16.70862651,Yes,No,Yes,Yes,88,90,Low
Quinoa,12569,Drip,Semi-arid,4.36,Crop Cover,989,Silty,Severe,118,101,25,Yes,648,2613,195,Spring,31,1729,1.358909398,0.485731727,Yes,18.59496408,Yes,Yes,No,No,59,66,High
Lettuce,17999,Flood,Temperate,7.17,Crop Cover,952,Loamy,Low,122,210,39,Yes,3352,14471,146,Summer,39,1794,5.346151956,1.475587273,No,5.594616141,No,No,Yes,Yes,55,71,Low
Beans,8582,Sprinkler,Continental,9.2,Crop Cover,140,Sandy,High,16,177,57,No,2420,9506,198,Summer,30,1258,8.02517139,3.113949448,Yes,6.088214501,Yes,Yes,Yes,No,85,35,Medium
Rice,8810,Drip,Arid,3.66,Efficient Irrigation,741,Clayey,Low,127,115,99,No,4232,1173,211,Winter,32,1441,5.436101205,3.104557536,No,13.82754211,No,Yes,Yes,Yes,57,27,High
Apples,2947,Flood,Tropical,1.93,Crop Cover,877,Silty,Moderate,60,275,44,Yes,1690,6591,174,Spring,23,399,7.053451622,1.195931051,No,18.73586443,Yes,Yes,Yes,No,63,97,Medium
Cabbage,17881,None,Continental,6.99,Efficient Irrigation,538,Loamy,Moderate,167,50,38,Yes,3409,4225,162,Winter,14,594,3.626706796,1.943501897,Yes,16.86182592,No,Yes,Yes,Yes,50,62,High
Zucchini,19906,Flood,Mediterranean,8.05,Mulching,631,Clayey,Severe,182,141,98,Yes,4789,10913,327,Winter,27,1340,8.659349102,4.145548624,No,19.8806266,Yes,No,Yes,Yes,95,48,Low
Melons,12177,None,Mediterranean,7.38,None,845,Loamy,Severe,64,159,86,Yes,1857,10604,284,Spring,14,873,4.57352825,3.21422717,Yes,14.21737486,No,Yes,No,Yes,79,18,Medium
Strawberries,14601,Drip,Tropical,8.07,None,238,Clayey,Severe,30,99,25,Yes,4525,3070,210,Summer,27,598,2.216944272,2.985404281,No,3.996877035,No,No,Yes,No,64,89,Medium
Squash,19707,Flood,Mediterranean,4.39,None,144,Sandy,Moderate,15,50,77,No,3638,1739,156,Autumn,12,1485,7.82698065,3.654891374,Yes,10.06004995,Yes,No,Yes,Yes,83,54,High
Grapes,11574,Flood,Temperate,3.66,Mulching,680,Loamy,High,40,274,84,No,4637,13286,106,Winter,37,1866,7.994252648,4.848657384,Yes,2.30552744,Yes,No,No,Yes,65,51,Medium
Rice,3053,Sprinkler,Temperate,5.74,Efficient Irrigation,687,Loamy,High,125,87,33,Yes,1720,10228,358,Summer,10,1698,4.843097679,0.411068332,No,10.25193125,Yes,Yes,No,No,79,98,Low
Tomatoes,18495,Flood,Mediterranean,5.62,Mulching,580,Clayey,Moderate,200,280,53,No,3478,5329,161,Spring,16,773,5.562978927,2.420578426,No,5.002068186,Yes,Yes,No,Yes,60,76,High
Sugarcane,8472,Sprinkler,Arid,5.98,Mulching,180,Silty,Low,124,294,87,Yes,2800,4934,238,Winter,18,1936,9.079453473,0.701618959,Yes,19.53829227,Yes,Yes,No,No,56,16,Medium
Cauliflower,18458,Flood,Mediterranean,2.52,None,494,Clayey,Moderate,16,182,24,Yes,4454,656,126,Summer,14,1710,8.700840918,2.328478933,Yes,14.51454022,Yes,No,No,No,63,93,Low
Pineapples,10124,Drip,Continental,1.97,Crop Cover,285,Clayey,Severe,170,157,90,No,4873,7538,154,Summer,27,1545,7.043267129,4.461667687,No,18.25318317,Yes,No,Yes,Yes,76,92,High
Sugarcane,13313,Drip,Semi-arid,6.75,Mulching,944,Silty,Severe,11,151,99,No,2701,8543,270,Summer,16,1233,8.054312789,3.286312049,No,10.54874658,Yes,No,Yes,No,50,50,Medium
Cabbage,4534,None,Mediterranean,5.04,Efficient Irrigation,927,Loamy,Low,146,214,12,No,2847,2082,319,Autumn,14,650,6.382427968,0.294970493,No,3.269612968,No,No,No,No,71,22,High
Corn,9923,Flood,Temperate,5.82,Mulching,563,Silty,Moderate,73,260,52,Yes,2410,4829,317,Spring,37,530,8.737108842,2.275614275,No,5.197987755,Yes,Yes,No,No,59,50,Low
Cotton,14246,Sprinkler,Arid,4.28,Crop Cover,607,Sandy,Moderate,28,193,50,No,4905,8523,212,Spring,25,867,1.998639001,3.607569739,No,17.12245804,Yes,Yes,No,No,91,96,Low
Grapes,15792,Flood,Semi-arid,9.8,Mulching,506,Silty,High,32,200,56,Yes,3064,8229,288,Autumn,34,1628,6.132587756,4.956600497,Yes,14.86008216,Yes,Yes,No,Yes,59,88,Medium
Soybeans,9621,Flood,Semi-arid,4.67,None,864,Sandy,High,53,193,64,No,1666,10551,165,Winter,32,1227,8.592974225,3.632788719,Yes,11.60328718,Yes,Yes,Yes,No,90,36,High
Plums,9341,None,Arid,4,Crop Cover,254,Silty,High,125,144,80,No,883,11519,165,Summer,26,883,8.8151905,3.640040318,No,17.6031503,No,Yes,No,Yes,80,33,High
Potatoes,9674,Flood,Temperate,6.8,Crop Cover,750,Silty,High,90,135,73,Yes,3904,13217,337,Autumn,28,1207,1.720730522,1.328142321,Yes,6.284164309,Yes,No,Yes,No,74,80,Medium
Peaches,11037,Sprinkler,Semi-arid,8.45,Efficient Irrigation,107,Clayey,Moderate,37,201,29,No,400,13969,249,Winter,29,1662,7.553312317,3.360373968,No,19.41650077,No,Yes,Yes,Yes,67,46,Medium
Rice,3928,Sprinkler,Mediterranean,7.5,Crop Cover,183,Silty,High,80,287,42,No,2947,14019,133,Spring,16,1941,8.32162273,2.822823468,No,19.50924275,No,Yes,No,Yes,60,33,High
Apples,14999,None,Mediterranean,6.32,Efficient Irrigation,786,Sandy,Severe,100,70,26,Yes,1084,9502,198,Summer,14,848,5.033907842,2.128028496,No,3.509367339,No,No,No,No,93,24,Medium
Zucchini,16361,Drip,Continental,5.27,None,583,Silty,Severe,186,149,31,No,2873,9324,60,Summer,21,1092,8.216068388,1.763324888,No,19.66559651,No,Yes,No,Yes,55,93,High
Zucchini,13787,None,Semi-arid,4.31,None,543,Sandy,Low,137,276,64,No,3927,2171,119,Summer,18,673,6.83612259,3.805466147,Yes,2.817416379,Yes,No,No,No,67,38,High
Carrots,2072,Drip,Semi-arid,4.37,None,185,Loamy,Low,35,56,81,Yes,4904,6718,267,Spring,35,747,4.983512564,3.590791717,Yes,13.89423414,Yes,No,No,Yes,87,87,High
Cauliflower,9180,Drip,Arid,6.69,None,565,Sandy,Moderate,78,275,64,No,836,14161,78,Winter,10,1366,4.258340229,1.040515617,Yes,2.697759107,No,Yes,No,No,88,92,Low
Cucumbers,1857,None,Tropical,4.84,None,115,Loamy,Low,45,281,76,Yes,3062,12420,76,Winter,28,1083,7.209098529,0.415468788,No,6.620322715,Yes,Yes,Yes,Yes,50,23,Low
Corn,8079,Flood,Temperate,7.93,Mulching,878,Loamy,Severe,35,90,61,Yes,1320,248,149,Summer,31,1595,5.955992637,3.464745698,Yes,12.55846857,Yes,Yes,No,No,57,73,High
Wheat,17843,Flood,Temperate,6.38,Crop Cover,684,Loamy,High,117,182,20,Yes,2484,13279,140,Winter,26,339,5.570254953,3.885208508,No,7.168696982,Yes,Yes,No,No,62,44,Low
Plums,6233,Drip,Semi-arid,6.03,None,964,Loamy,High,116,164,27,No,3969,8206,350,Summer,23,251,7.839661936,0.585955604,No,16.41685426,No,No,Yes,No,79,88,Medium
Strawberries,11238,Sprinkler,Semi-arid,7.54,Crop Cover,872,Silty,Moderate,116,225,27,No,2828,13405,106,Spring,20,674,1.899084641,0.164202299,Yes,5.038269884,Yes,Yes,Yes,Yes,58,77,Medium
Cauliflower,804,Flood,Tropical,4.95,Crop Cover,264,Sandy,Severe,142,59,96,Yes,999,3516,223,Spring,29,495,2.265440742,0.73105717,Yes,17.00231466,Yes,Yes,Yes,Yes,64,26,High
Oats,16957,Sprinkler,Mediterranean,2.03,Mulching,924,Loamy,Severe,34,136,57,Yes,555,11048,201,Winter,37,429,8.281495203,4.771206847,No,15.84542392,No,Yes,Yes,Yes,60,69,Low
Melons,14926,Drip,Continental,7.63,Crop Cover,134,Sandy,Severe,98,289,35,No,4310,10781,280,Winter,13,1964,6.57728152,2.422086226,Yes,19.69710921,Yes,Yes,No,No,69,61,Medium
Garlic,3230,None,Temperate,9.71,Efficient Irrigation,699,Sandy,Severe,146,261,49,No,1392,5146,64,Summer,40,676,1.554609017,2.646755271,Yes,19.2148455,No,No,No,No,69,65,High
Carrots,6244,Drip,Semi-arid,6.16,None,986,Silty,Low,54,113,80,No,4618,12088,363,Autumn,14,439,1.801211797,3.302557941,Yes,19.24581245,Yes,No,Yes,No,68,59,Low
Soybeans,1688,Drip,Arid,5.52,Efficient Irrigation,791,Clayey,Moderate,153,209,51,No,313,13309,82,Winter,12,575,4.930610901,2.802271621,No,4.088269212,No,Yes,Yes,Yes,68,44,Low
Barley,1917,Drip,Tropical,3.51,None,202,Loamy,Severe,166,54,16,Yes,4913,1072,85,Autumn,40,1798,6.578322288,2.688200839,No,1.712823855,No,Yes,Yes,No,53,98,Medium
Apples,8593,None,Mediterranean,5.6,Mulching,493,Loamy,Moderate,38,240,18,Yes,2393,1510,250,Spring,27,1988,9.283922523,1.35588254,Yes,18.33338015,No,Yes,No,No,93,21,Medium
Quinoa,19652,Flood,Continental,7.79,Mulching,588,Silty,Severe,152,116,50,No,2971,5645,282,Summer,26,1026,9.162985233,3.072613686,No,5.955326747,Yes,Yes,Yes,Yes,84,48,High
Oats,11429,Flood,Mediterranean,9.67,Efficient Irrigation,934,Clayey,Severe,191,86,22,No,4797,14706,208,Summer,36,500,7.886029782,4.162941334,No,9.182154191,Yes,Yes,Yes,No,76,51,Low
Sugarcane,16111,Flood,Continental,8.69,None,431,Sandy,Low,11,127,15,No,2906,1602,97,Spring,12,1466,3.081318218,4.703973484,No,15.22347511,Yes,No,No,No,84,25,Low
Wheat,14761,None,Arid,8.21,None,921,Clayey,High,165,199,12,No,3272,10835,334,Spring,14,1385,8.371117512,2.176344589,No,8.853762871,No,Yes,No,Yes,67,73,Low
Sugarcane,10520,Flood,Continental,1.36,Mulching,175,Clayey,Low,132,274,97,Yes,1184,6493,315,Autumn,22,212,8.571501983,2.305312949,Yes,5.746317656,Yes,Yes,No,No,61,97,Low
Garlic,2985,Flood,Arid,2.75,Mulching,801,Silty,High,158,104,57,No,1880,5652,85,Summer,20,583,3.965441125,0.668647416,No,17.24399985,Yes,No,No,No,50,17,Low
Garlic,593,Flood,Temperate,5.54,Mulching,224,Loamy,Severe,83,263,12,No,2560,14376,295,Winter,20,1899,2.326787045,4.750992205,Yes,6.557375921,Yes,Yes,Yes,No,54,77,High
Mangoes,5594,None,Continental,5.83,Efficient Irrigation,627,Silty,Moderate,104,81,93,Yes,3861,7022,252,Autumn,39,1009,6.177365904,1.328207987,No,14.7743387,Yes,Yes,Yes,Yes,51,35,Low
Peppers,13101,Flood,Arid,3.69,Crop Cover,693,Loamy,Moderate,25,214,20,Yes,4891,4726,200,Summer,24,1297,4.591333598,1.099090287,No,16.71449985,Yes,Yes,Yes,Yes,50,82,High
Avocados,11146,Flood,Tropical,1.67,Mulching,255,Loamy,Low,91,150,66,Yes,4433,1189,166,Autumn,20,1030,1.055189463,2.232497411,No,16.11709905,No,No,No,Yes,70,96,Medium
Bananas,11215,Sprinkler,Semi-arid,2.41,None,282,Loamy,Moderate,71,210,22,Yes,4482,2955,293,Spring,22,1050,3.061397206,4.878433524,No,12.72690252,No,Yes,Yes,Yes,54,95,Medium
Melons,6943,None,Arid,1.68,Mulching,381,Silty,Moderate,36,159,74,No,1957,5895,275,Autumn,18,812,6.926721068,4.907178797,Yes,3.38436338,No,No,No,No,86,28,Low
Apples,9384,Flood,Mediterranean,4.1,None,600,Sandy,Moderate,143,92,18,Yes,4931,7396,68,Autumn,27,826,4.117289916,1.761769278,No,16.41179057,Yes,Yes,Yes,No,61,14,Medium
Broccoli,17998,None,Temperate,6.27,Mulching,219,Sandy,Severe,108,239,53,No,1375,2789,204,Summer,22,894,8.252153068,0.645227071,No,19.65007703,No,No,Yes,No,88,32,Medium
Carrots,6730,Flood,Continental,3.33,Efficient Irrigation,782,Sandy,Moderate,161,176,32,No,1343,8509,276,Winter,25,1663,3.406563648,2.020313824,Yes,19.17151265,Yes,No,Yes,Yes,93,17,Low
Carrots,6459,Drip,Arid,4.84,Efficient Irrigation,971,Sandy,High,52,238,51,No,2144,4612,268,Autumn,20,1522,5.194632298,2.467740309,No,16.54411066,Yes,No,Yes,Yes,63,10,High
Rice,17029,Drip,Continental,6.48,Efficient Irrigation,996,Silty,High,39,217,84,Yes,1232,3450,336,Autumn,40,658,6.981333593,3.294581647,No,16.94842926,Yes,No,No,No,74,88,Low
Cauliflower,16758,Sprinkler,Temperate,2.74,Efficient Irrigation,143,Loamy,Moderate,35,206,59,No,4561,10554,286,Spring,13,639,4.720546019,2.701567876,No,2.813412323,No,No,Yes,Yes,95,77,Medium
Grapes,885,Drip,Tropical,7.72,Crop Cover,135,Sandy,Moderate,22,203,15,Yes,4516,14693,212,Summer,24,1065,3.517156964,1.020566272,Yes,7.078947686,Yes,Yes,No,Yes,94,99,Low
Avocados,14385,Drip,Mediterranean,2.28,Mulching,653,Clayey,High,175,67,50,No,363,6729,102,Autumn,24,497,4.226294524,1.438923483,Yes,13.15069392,Yes,No,Yes,Yes,72,57,High
Peaches,18994,Drip,Mediterranean,7.87,None,464,Sandy,Severe,42,294,10,No,3245,14925,164,Summer,22,1248,5.398439236,2.512197633,Yes,9.833357036,No,Yes,No,No,60,28,High
Spinach,1725,Flood,Continental,3.47,None,743,Silty,High,91,246,72,Yes,2943,10414,168,Autumn,20,283,2.788373921,0.791278778,No,8.252064228,Yes,No,Yes,No,50,66,Low
Mangoes,17928,Flood,Mediterranean,3.19,None,254,Loamy,Moderate,157,240,45,No,3784,4850,119,Spring,27,874,9.238923654,2.991621926,No,6.481431264,No,No,No,Yes,86,81,High
Wheat,18031,Drip,Semi-arid,6,None,414,Clayey,Moderate,74,111,57,Yes,3095,3284,285,Autumn,11,1435,1.536029801,2.358752066,No,13.7335439,No,Yes,No,Yes,68,10,Medium
Beans,13852,Flood,Continental,5.97,Efficient Irrigation,715,Silty,Low,92,98,46,Yes,4377,1684,323,Spring,29,554,2.341578483,3.616804321,Yes,11.74787457,No,No,Yes,No,70,44,Low
Cauliflower,8291,Flood,Arid,7.38,Crop Cover,429,Clayey,Low,153,155,72,No,2887,3693,75,Spring,40,913,8.091492922,0.512138982,Yes,18.27743999,Yes,No,No,No,56,80,Low
Oats,12642,Drip,Mediterranean,5.09,Efficient Irrigation,751,Loamy,High,62,291,22,Yes,971,3901,189,Winter,15,1855,9.918749244,3.593387743,Yes,16.48546796,No,Yes,No,Yes,54,76,Medium
Avocados,9502,None,Tropical,7.31,Efficient Irrigation,508,Silty,Severe,193,274,52,Yes,3801,13846,250,Spring,35,1181,5.588390556,3.572028195,Yes,17.58574573,No,No,Yes,Yes,61,31,Low
Beans,18118,Drip,Continental,9.49,Mulching,613,Loamy,Moderate,169,253,56,No,4894,12053,255,Winter,35,684,5.724087173,0.269196353,No,17.77249022,Yes,No,Yes,Yes,85,35,Medium
Pumpkins,4785,Drip,Temperate,2.99,Crop Cover,783,Loamy,Low,44,296,20,Yes,4803,6409,278,Autumn,29,1278,3.95442155,4.085834324,Yes,1.529668667,Yes,No,Yes,No,58,35,Low
Pumpkins,13720,Flood,Arid,9.89,Mulching,811,Silty,High,139,113,32,No,1774,6156,327,Summer,33,1766,8.041676428,3.183819582,No,17.08208959,Yes,No,No,Yes,85,81,Medium
Lettuce,4484,Drip,Temperate,7.15,None,705,Sandy,High,57,271,17,Yes,3963,14769,141,Summer,19,1528,9.819906622,1.427276238,Yes,17.80888995,No,No,No,Yes,80,39,Medium
Broccoli,2684,Flood,Continental,4.14,Crop Cover,781,Silty,Low,174,241,52,Yes,4434,10611,244,Spring,32,915,3.659021,2.567887485,Yes,9.446631473,No,Yes,No,Yes,57,100,High
Blueberries,14737,None,Semi-arid,5.44,Crop Cover,812,Silty,Severe,153,94,78,No,768,14574,326,Summer,26,915,5.324532345,0.857420283,No,12.87380374,Yes,Yes,Yes,Yes,67,72,Medium
Oats,13570,None,Arid,1.59,Mulching,199,Clayey,Low,196,243,26,No,3298,12441,286,Winter,39,495,8.951963652,3.584640835,No,17.30828777,No,Yes,No,Yes,83,52,Low
Wheat,5818,Drip,Semi-arid,8.17,Efficient Irrigation,694,Silty,Severe,99,277,91,Yes,2190,11425,93,Winter,28,1094,6.83751933,3.892834342,No,9.141839138,Yes,No,No,No,87,100,High
Zucchini,12289,Sprinkler,Tropical,3.06,None,906,Sandy,Low,106,281,28,No,4831,6081,67,Spring,30,1454,3.96089918,3.848743345,Yes,6.082887841,No,Yes,Yes,No,86,96,Medium
Oats,3903,Drip,Arid,1.63,Mulching,679,Loamy,Low,145,263,90,Yes,644,8692,274,Spring,26,560,6.926215828,0.26751187,Yes,7.35284308,No,Yes,Yes,Yes,69,98,Medium
Wheat,697,Flood,Temperate,6.66,Mulching,663,Sandy,Moderate,78,267,82,Yes,4970,4766,200,Winter,28,617,7.971121425,0.679472405,Yes,6.216225812,Yes,Yes,No,No,53,10,High
Squash,13408,None,Continental,8.06,Efficient Irrigation,742,Sandy,Moderate,55,88,51,No,3138,8327,313,Summer,32,1135,5.116935465,0.374526631,No,9.270149209,No,No,No,No,67,20,Low
Plums,1569,Drip,Semi-arid,6.31,Efficient Irrigation,175,Loamy,High,39,172,34,Yes,1726,5787,361,Spring,14,917,3.034208829,3.248826648,Yes,16.18075404,Yes,Yes,Yes,Yes,95,34,Medium
Cherries,8495,Drip,Continental,8.51,Crop Cover,197,Sandy,High,148,254,56,Yes,4620,11266,98,Summer,27,328,3.150271957,1.735305064,No,19.25625185,No,Yes,Yes,Yes,92,43,High
Sugarcane,9651,None,Arid,7.08,Efficient Irrigation,873,Sandy,Moderate,62,266,73,No,620,828,157,Autumn,15,1748,9.128051384,3.726921941,Yes,4.461294281,No,No,No,Yes,68,47,Low
Tomatoes,2613,Drip,Temperate,1.31,Crop Cover,371,Clayey,Low,197,185,35,Yes,1689,7094,139,Autumn,13,1578,4.78830424,4.830398856,No,11.88992762,No,Yes,No,No,77,72,Medium
Oats,11064,Drip,Temperate,3.46,None,497,Clayey,High,161,152,42,No,960,1589,344,Autumn,15,1110,4.074049449,4.364176872,No,15.83381375,No,No,Yes,Yes,58,81,Low
Bananas,8257,None,Continental,1.92,None,266,Clayey,Low,39,119,41,No,4568,7737,262,Summer,25,1771,9.421088033,0.798891075,Yes,4.628836599,No,No,Yes,No,65,18,High
Blueberries,4816,Flood,Semi-arid,3.48,Efficient Irrigation,507,Silty,High,21,244,56,Yes,2132,8432,233,Summer,30,1084,7.937839221,3.304285262,No,14.33563653,No,No,Yes,Yes,93,62,Low
Sugarcane,16558,Flood,Arid,1.31,Crop Cover,369,Loamy,Moderate,51,191,44,No,3748,12839,276,Autumn,36,1599,7.708022881,0.697008242,Yes,14.17672961,No,Yes,Yes,No,93,39,High
Corn,3701,Drip,Continental,1.68,None,164,Silty,Moderate,162,206,53,Yes,4917,14832,271,Autumn,18,661,2.075729654,1.90300458,No,2.081311919,Yes,Yes,No,Yes,68,41,High
Oranges,19519,None,Mediterranean,5.65,None,929,Loamy,Severe,110,68,72,No,462,6461,75,Summer,33,1776,9.459821089,2.142272019,No,18.09034559,Yes,Yes,No,Yes,52,69,Medium
Sugarcane,16043,Flood,Temperate,9.91,None,176,Silty,Moderate,122,271,69,No,2910,13272,245,Winter,23,415,6.065252734,1.90490371,No,5.154242201,Yes,Yes,No,No,65,72,High
Soybeans,17391,Flood,Continental,8.64,Efficient Irrigation,320,Clayey,Severe,92,282,33,No,1518,2843,268,Summer,19,1517,8.756579388,4.24634699,No,9.175814899,Yes,No,Yes,No,78,31,Low
Soybeans,17479,Sprinkler,Mediterranean,8.71,Efficient Irrigation,772,Sandy,Severe,147,284,27,No,1516,13697,205,Summer,32,1503,9.424451665,4.372802549,No,19.31567897,Yes,No,Yes,No,88,77,High
Tomatoes,8832,Flood,Semi-arid,9.06,Mulching,934,Silty,Severe,80,198,64,Yes,459,5571,326,Autumn,17,1628,7.551277602,3.5015219,No,8.640630352,No,No,Yes,No,79,53,Medium
Spinach,19354,Drip,Temperate,7.81,Mulching,502,Clayey,Severe,30,228,26,Yes,1286,1398,67,Autumn,15,1820,5.959280767,3.604404874,Yes,18.04712001,No,No,Yes,Yes,80,55,Medium
Bananas,5666,Flood,Tropical,5.78,Mulching,137,Loamy,Low,135,285,14,No,1247,1105,68,Spring,30,609,6.142723008,1.418596018,Yes,16.16749945,No,No,No,Yes,67,60,Medium
Spinach,8661,Sprinkler,Continental,9.23,Efficient Irrigation,555,Silty,Moderate,122,279,92,No,714,493,278,Spring,26,1199,5.078966685,3.160126187,No,7.065390189,No,No,No,Yes,95,49,High
Plums,17697,Sprinkler,Arid,5.27,None,121,Loamy,Severe,33,97,95,No,4900,2751,354,Summer,21,344,9.991443163,4.376333624,No,17.33154386,No,No,No,No,66,23,High
Sugarcane,13543,None,Mediterranean,9.76,Crop Cover,659,Sandy,Low,178,64,86,Yes,4078,12208,170,Autumn,38,210,2.57969358,1.186828598,Yes,10.34424049,No,No,Yes,Yes,61,43,Low
Wheat,18268,Drip,Mediterranean,5.13,Efficient Irrigation,204,Sandy,Severe,180,264,63,Yes,1032,8894,189,Summer,29,1388,8.005479863,3.037438095,Yes,6.963384181,Yes,No,No,Yes,68,72,Low
Pumpkins,18525,Drip,Continental,7.22,None,902,Sandy,High,47,266,40,Yes,1091,14437,220,Autumn,26,998,1.281239376,1.588921534,Yes,17.28049567,Yes,Yes,Yes,Yes,74,36,Low
Cotton,15119,Drip,Tropical,7.51,None,841,Silty,Severe,26,259,83,Yes,3152,8211,315,Autumn,34,1074,2.840150087,3.396630137,Yes,5.98774836,Yes,Yes,Yes,Yes,64,55,Medium
Garlic,16082,None,Continental,4.09,Mulching,405,Sandy,Low,40,191,72,No,4517,4426,280,Autumn,31,1717,5.106945042,3.734512281,Yes,12.4950445,Yes,No,No,No,52,57,Medium
Cotton,1633,Sprinkler,Semi-arid,8.59,Efficient Irrigation,950,Loamy,High,117,245,51,No,1602,8671,177,Autumn,36,494,1.712774133,4.216518604,No,12.42501158,No,Yes,Yes,No,93,33,High
Potatoes,1129,Sprinkler,Tropical,6.26,Mulching,686,Loamy,Low,19,231,48,Yes,4595,14404,213,Summer,21,212,7.776816289,0.657553888,No,1.503871526,No,Yes,Yes,No,58,51,Low
Cabbage,5167,Flood,Tropical,7.22,None,622,Sandy,High,197,210,92,Yes,1274,7045,190,Spring,29,498,8.432673465,2.228641799,Yes,16.33703784,No,Yes,Yes,Yes,82,57,Medium
Quinoa,3726,None,Temperate,2.84,Crop Cover,523,Clayey,High,165,148,77,No,2717,5939,248,Autumn,39,1526,4.168337443,1.331176321,No,6.601043407,Yes,Yes,No,Yes,92,15,Medium
Potatoes,1839,Sprinkler,Temperate,1.11,Crop Cover,237,Silty,Moderate,69,138,54,Yes,4061,6750,203,Winter,29,1536,7.229693766,2.84116242,No,8.153893324,No,No,Yes,No,71,66,Medium
Beans,19420,None,Tropical,8.72,Crop Cover,476,Loamy,Moderate,101,220,78,No,3207,12295,355,Winter,14,357,2.693148097,3.46943423,No,18.78636463,Yes,Yes,No,Yes,63,26,High
Lettuce,5277,Sprinkler,Semi-arid,5.69,None,137,Loamy,Low,61,105,20,No,3861,1778,198,Winter,40,1510,1.49687153,1.644026992,No,5.586757819,No,No,No,Yes,67,18,Low
Soybeans,663,Flood,Tropical,5.9,Efficient Irrigation,252,Sandy,Low,105,54,81,Yes,4000,4070,189,Spring,35,1501,7.768006258,1.625817295,Yes,4.828654924,Yes,Yes,No,No,74,28,Low
Pears,15100,Sprinkler,Arid,8.68,Mulching,929,Loamy,Low,53,142,37,No,1204,10603,293,Winter,24,926,4.410599486,3.637145785,No,10.51765631,Yes,Yes,No,Yes,65,39,High
Pears,12174,Drip,Semi-arid,9.99,None,803,Silty,Moderate,193,291,11,Yes,4539,629,248,Autumn,40,293,7.454332953,4.234488489,No,17.58230448,Yes,Yes,Yes,No,68,83,Medium
Oats,17577,Sprinkler,Semi-arid,5.38,Crop Cover,793,Sandy,Low,32,110,95,No,367,2091,135,Summer,13,1996,7.81942612,1.361508922,No,9.033132211,No,Yes,No,Yes,56,80,Medium
Strawberries,6952,Flood,Mediterranean,2.09,Mulching,846,Clayey,High,143,190,21,Yes,1003,11800,78,Summer,25,1367,9.343211087,4.442107192,No,6.13283365,Yes,No,No,Yes,54,97,Medium
Broccoli,10502,Drip,Continental,3.36,None,858,Clayey,Low,38,170,79,No,1215,9470,187,Autumn,30,605,5.061017976,0.11581519,No,15.53846782,No,Yes,Yes,No,73,85,Medium
Strawberries,17510,None,Tropical,7.87,Mulching,279,Loamy,Low,119,231,30,Yes,3104,12299,297,Spring,28,340,3.347531916,0.471762434,No,12.61198909,No,No,Yes,No,73,75,Low
Pineapples,10195,Sprinkler,Temperate,8.83,Crop Cover,635,Loamy,Severe,120,120,47,No,2214,3662,273,Summer,11,1408,6.111671095,4.335919018,No,9.337056885,Yes,Yes,No,Yes,58,32,Medium
Cauliflower,15967,Sprinkler,Arid,6.04,Efficient Irrigation,120,Sandy,Low,187,294,13,No,364,5519,118,Autumn,17,1864,2.984317102,0.762976099,Yes,5.101995304,No,No,Yes,No,70,43,Medium
Potatoes,12652,None,Semi-arid,7.92,None,578,Silty,Low,176,172,39,No,884,12346,233,Winter,17,1762,2.852408242,3.946056917,Yes,17.89650884,No,Yes,No,Yes,55,29,Medium
Garlic,12128,Sprinkler,Mediterranean,8.68,Mulching,119,Clayey,Low,35,77,82,Yes,2184,11140,204,Spring,27,1990,3.922242491,1.662011406,Yes,9.853075213,Yes,Yes,No,No,91,42,High
Peas,11616,None,Temperate,4.52,Crop Cover,233,Sandy,Low,53,246,20,Yes,601,7255,335,Winter,28,246,2.636466853,2.18667961,No,7.57954791,No,No,No,Yes,53,39,Low
Strawberries,2484,Flood,Mediterranean,5.96,Crop Cover,829,Sandy,Severe,180,204,51,Yes,2454,9437,196,Spring,37,704,1.827798331,1.215463457,No,7.231252042,Yes,Yes,No,No,76,69,High
Oranges,2764,Drip,Semi-arid,2.26,Efficient Irrigation,375,Clayey,Severe,175,247,15,No,4475,14992,298,Summer,21,1384,3.872961958,2.269389901,Yes,10.14373127,Yes,Yes,No,Yes,79,65,Medium
Spinach,15829,Flood,Semi-arid,7.25,Crop Cover,327,Silty,Low,100,264,29,Yes,4310,13383,103,Spring,18,864,1.550118774,1.307976221,Yes,5.704539176,Yes,Yes,No,Yes,63,99,High
Avocados,16520,Drip,Arid,8.87,None,761,Clayey,Severe,24,288,38,Yes,605,244,302,Spring,34,1217,4.512208357,3.655125503,Yes,17.08185113,Yes,No,No,No,51,18,High
Apples,15332,None,Mediterranean,7.6,Mulching,866,Sandy,High,71,266,19,Yes,1391,6177,238,Winter,15,1329,2.844864716,0.884415132,Yes,9.774635738,No,Yes,Yes,No,85,57,High
Blueberries,13979,Drip,Tropical,2.58,Crop Cover,449,Loamy,Low,38,157,89,Yes,1741,11582,321,Autumn,18,1529,9.464389373,3.043630194,Yes,19.11325943,No,Yes,No,Yes,72,55,Low
Peaches,12368,Drip,Semi-arid,7.94,Crop Cover,951,Silty,Low,188,92,87,No,4949,11705,345,Spring,39,824,5.939342381,1.070004325,No,4.448356025,Yes,No,Yes,Yes,86,57,Medium
Leather,"17,093",,,,,,,,,,,,,,,,,,,,,,,,,,,,
Beef meat,"15,400",,,,,,,,,,,,,,,,,,,,,,,,,,,,
Biodiesel from soybeans,"11,397",,,,,,,,,,,,,,,,,,,,,,,,,,,,
Mutton meat,"10,400",,,,,,,,,,,,,,,,,,,,,,,,,,,,
Pork meat,"6,000",,,,,,,,,,,,,,,,,,,,,,,,,,,,
Butter,"5,553",,,,,,,,,,,,,,,,,,,,,,,,,,,,
Goat meat,"5,500",,,,,,,,,,,,,,,,,,,,,,,,,,,,
Chicken meat,"4,325",,,,,,,,,,,,,,,,,,,,,,,,,,,,
Eggs,"3,300",,,,,,,,,,,,,,,,,,,,,,,,,,,,
Cheese,"3,178",,,,,,,,,,,,,,,,,,,,,,,,,,,,
Olives,"3,015",,,,,,,,,,,,,,,,,,,,,,,,,,,,
Dry pasta,"1,849",,,,,,,,,,,,,,,,,,,,,,,,,,,,
Mango or Guava,"1,800",,,,,,,,,,,,,,,,,,,,,,,,,,,,
Bread from wheat,"1,608",,,,,,,,,,,,,,,,,,,,,,,,,,,,
Beer,"1,420",,,,,,,,,,,,,,,,,,,,,,,,,,,,
Maize,"1,222",,,,,,,,,,,,,,,,,,,,,,,,,,,,
Milk,"1,020",,,,,,,,,,,,,,,,,,,,,,,,,,,,
Cucumber or pumpkin,353,,,,,,,,,,,,,,,,,,,,,,,,,,,,
Cabbage,237,,,,,,,,,,,,,,,,,,,,,,,,,,,,
Tomatoes,214,,,,,,,,,,,,,,,,,,,,,,,,,,,,
